{
  "mean": {
    "HOMO": -6.375,
    "LUMO": -2.3499999999999996
  },
  "std": {
    "HOMO": 0.3499999999999999,
    "LUMO": 0.2645751311064591
  }
}