{
  "cond_mean": [
    -6.375,
    -2.3499999046325684
  ],
  "cond_std": [
    0.30310899019241333,
    0.22912877798080444
  ]
}