{
  "mean": {
    "HOMO": -0.24000663996489557,
    "LUMO": 0.01113923293093951
  },
  "std": {
    "HOMO": 0.022151329203809557,
    "LUMO": 0.04690662726563506
  }
}