{
  "mean": {
    "HOMO_eV": -5.416925020299144,
    "LUMO_eV": -2.4890228785706854,
    "gap_eV": 2.9279008469757426,
    "IE_eV": 5.416925020299144,
    "EA_eV": 2.4890228785706854
  },
  "std": {
    "HOMO_eV": 0.5429885611295593,
    "LUMO_eV": 0.7115842463445197,
    "gap_eV": 0.6291524489920044,
    "IE_eV": 0.5429885611295593,
    "EA_eV": 0.7115842463445197
  }
}