{
  "mean": [
    -6.782838911481227,
    -0.40804754269388616,
    6.782838911481227,
    0.40804754269388616
  ],
  "std": [
    0.6190776963692429,
    1.2934831703133194,
    0.6190776963692429,
    1.2934831703133194
  ],
  "columns": [
    "HOMO_eV",
    "LUMO_eV",
    "IE_eV",
    "EA_eV"
  ]
}